{"initial_reset_timestamp": 1575168120.9380882, "timestamps": [1575168124.6695423, 1575168125.5884001, 1575168128.778011], "episode_lengths": [325, 83, 321], "episode_rewards": [-62206.0, -9510.0, -62716.0], "episode_types": ["t", "t", "t", "t"]}