{"initial_reset_timestamp": 1575191654.5434425, "timestamps": [1575191655.927259, 1575191656.967699, 1575191657.7072723, 1575191658.6837337], "episode_lengths": [67, 59, 41, 65], "episode_rewards": [-9537.0, -8052.0, -5922.0, -8984.0], "episode_types": ["t", "t", "t", "t", "t"]}