{"initial_reset_timestamp": 1575167929.0585694, "timestamps": [1575167932.4105673], "episode_lengths": [235], "episode_rewards": [-42170.0], "episode_types": ["t"]}