{"initial_reset_timestamp": 1575191342.763204, "timestamps": [1575191344.5125768, 1575191346.9581606, 1575191348.2202437, 1575191349.22884, 1575191349.9687836, 1575191351.1248426, 1575191352.134386, 1575191352.9284687, 1575191353.884233, 1575191355.0097032, 1575191355.9591498, 1575191356.9668498, 1575191357.850344, 1575191358.8636632, 1575191359.826229, 1575191360.7790926, 1575191361.8349237, 1575191362.7151241, 1575191364.0041215, 1575191365.157247, 1575191366.2908018, 1575191367.3999553, 1575191368.3619075, 1575191369.7899535, 1575191370.8433735, 1575191371.9873936, 1575191372.93418, 1575191373.7995014, 1575191374.710075, 1575191375.6366713, 1575191376.4550045, 1575191377.2965374, 1575191378.2156327, 1575191379.1782598, 1575191380.2370157, 1575191381.1641665, 1575191382.023819, 1575191382.9953668, 1575191383.864019, 1575191385.1452873, 1575191386.4500644, 1575191387.374819, 1575191388.2994037, 1575191389.4797919, 1575191390.4184904, 1575191391.5174954, 1575191392.5841897, 1575191393.5981538, 1575191394.6582105, 1575191395.6794171, 1575191396.520342, 1575191397.6987414, 1575191398.6281955, 1575191399.5602872, 1575191400.3419135, 1575191401.2650175, 1575191402.206679, 1575191404.1415114, 1575191405.2041073, 1575191406.1566317, 1575191407.0369742, 1575191408.4232016, 1575191409.3240743, 1575191410.6034238, 1575191411.5029073, 1575191413.453769, 1575191414.357193, 1575191415.297622, 1575191416.4828415, 1575191417.6557188, 1575191418.8393233, 1575191419.7821834, 1575191420.6146073, 1575191421.6409824, 1575191422.3819351, 1575191423.907485, 1575191424.9407454, 1575191426.2479098, 1575191427.204898, 1575191427.914385, 1575191428.7295043, 1575191429.6305788, 1575191430.9990008, 1575191431.8714697, 1575191432.7640908, 1575191433.8381515, 1575191434.9515176, 1575191435.8740234, 1575191437.151863, 1575191437.95977, 1575191438.8913078, 1575191439.8662667, 1575191441.262526, 1575191442.2290087, 1575191443.0878625, 1575191444.451963, 1575191445.6597693, 1575191446.5198333, 1575191447.6534705, 1575191448.7442622, 1575191449.6476386, 1575191450.5508413, 1575191451.629452, 1575191453.764604, 1575191454.92727, 1575191455.9694548, 1575191457.1858838, 1575191458.073421, 1575191458.9964056, 1575191460.1948552, 1575191461.6285932, 1575191462.851859, 1575191464.0086675, 1575191465.2695682, 1575191466.747455, 1575191468.3589175, 1575191469.647315, 1575191470.8573048, 1575191472.6482353, 1575191474.3152852, 1575191475.8990474, 1575191477.3727767, 1575191478.842963, 1575191480.0854247, 1575191481.3493333, 1575191482.3726647, 1575191483.5194817, 1575191485.0865338, 1575191486.254454, 1575191487.4827602, 1575191488.490815, 1575191489.412447, 1575191490.5143132, 1575191491.741316, 1575191492.926216, 1575191494.2425725, 1575191495.657011, 1575191496.5315778, 1575191497.9340017, 1575191499.035501, 1575191499.8067615, 1575191500.8998451, 1575191501.988637, 1575191503.5452754, 1575191504.9966667, 1575191505.944714, 1575191506.8773682, 1575191507.7616062, 1575191508.918309, 1575191509.9134433, 1575191511.1550255, 1575191512.2618575, 1575191513.1499088, 1575191514.0861633, 1575191515.0576954, 1575191516.1657205, 1575191517.223929, 1575191518.745334, 1575191519.6841567, 1575191520.9850016, 1575191522.0684311, 1575191523.0503423, 1575191523.9795938, 1575191525.3128412, 1575191526.092359, 1575191527.1144164, 1575191528.4272325, 1575191529.312991, 1575191530.2360783, 1575191531.2566035, 1575191532.2481296, 1575191533.2604308, 1575191535.0453837, 1575191536.3358397, 1575191537.1189294, 1575191538.3910794, 1575191539.730552, 1575191540.8323843, 1575191542.0298228, 1575191543.0718813, 1575191544.099338, 1575191545.5157802, 1575191546.627474, 1575191547.647094, 1575191548.950798, 1575191550.5240855, 1575191551.632669, 1575191552.7465727, 1575191553.714219, 1575191554.7463186, 1575191555.679821, 1575191556.6231015, 1575191557.6769536, 1575191558.5983996, 1575191559.687018, 1575191560.8393636, 1575191562.1064205, 1575191563.6753592, 1575191564.6239355, 1575191565.682183, 1575191567.19901, 1575191568.2762532, 1575191569.3372345, 1575191570.378151, 1575191571.749381, 1575191572.7515247, 1575191574.2370088, 1575191575.5693097, 1575191576.4593477, 1575191577.6402757], "episode_lengths": [71, 183, 89, 63, 41, 61, 67, 51, 59, 77, 63, 61, 53, 69, 67, 57, 63, 53, 53, 63, 61, 77, 55, 95, 69, 67, 53, 53, 63, 57, 51, 55, 61, 57, 65, 61, 55, 63, 55, 83, 87, 59, 59, 81, 63, 65, 65, 61, 57, 63, 51, 83, 65, 61, 51, 61, 59, 117, 69, 65, 53, 95, 53, 81, 59, 147, 57, 59, 85, 77, 73, 63, 55, 57, 41, 107, 59, 89, 61, 41, 55, 61, 93, 59, 61, 73, 77, 53, 87, 53, 57, 59, 93, 59, 51, 87, 69, 55, 73, 75, 59, 59, 61, 105, 61, 61, 81, 59, 61, 79, 91, 51, 55, 57, 53, 81, 67, 61, 99, 75, 69, 65, 59, 55, 71, 63, 67, 89, 63, 59, 55, 55, 63, 69, 63, 75, 81, 55, 87, 61, 41, 65, 57, 91, 89, 53, 51, 53, 65, 55, 79, 65, 53, 53, 53, 63, 59, 89, 55, 77, 59, 51, 53, 77, 41, 57, 75, 53, 53, 53, 55, 63, 103, 69, 39, 75, 81, 57, 63, 59, 55, 77, 63, 51, 77, 83, 65, 61, 57, 57, 53, 53, 63, 51, 63, 69, 77, 99, 53, 67, 93, 61, 65, 61, 83, 57, 83, 75, 41, 53], "episode_rewards": [-8984.0, -17421.0, -10969.0, -9061.0, -5886.0, -8097.0, -10137.0, -6317.0, -8788.0, -8043.0, -7480.0, -8014.0, -7066.0, -8633.0, -8577.0, -7739.0, -7896.0, -7066.0, -7066.0, -7467.0, -9490.0, -10425.0, -8293.0, -10969.0, -9001.0, -8692.0, -7066.0, -7066.0, -8485.0, -7828.0, -6367.0, -6790.0, -7463.0, -7058.0, -8300.0, -7267.0, -7629.0, -7926.0, -7479.0, -11701.0, -10778.0, -8052.0, -7388.0, -11388.0, -10478.0, -9137.0, -9266.0, -8294.0, -7839.0, -7525.0, -6392.0, -11726.0, -8275.0, -8351.0, -6278.0, -8676.0, -8188.0, -14948.0, -7701.0, -8730.0, -7066.0, -10778.0, -7880.0, -8706.0, -8077.0, -17250.0, -7853.0, -8402.0, -10999.0, -8101.0, -9244.0, -8334.0, -7429.0, -6925.0, -5897.0, -13372.0, -7501.0, -12309.0, -8039.0, -5897.0, -7479.0, -8311.0, -12634.0, -7539.0, -7885.0, -10242.0, -8436.0, -7066.0, -11274.0, -6816.0, -7739.0, -7813.0, -12513.0, -7388.0, -6410.0, -10153.0, -8422.0, -7440.0, -9365.0, -8081.0, -8013.0, -8127.0, -8551.0, -11817.0, -8251.0, -8712.0, -9534.0, -7963.0, -7864.0, -10594.0, -11924.0, -7920.0, -7479.0, -7007.0, -7066.0, -9229.0, -9729.0, -8101.0, -12318.0, -10589.0, -9227.0, -8396.0, -8052.0, -6648.0, -7747.0, -7546.0, -8995.0, -12134.0, -7687.0, -7970.0, -7397.0, -6716.0, -9939.0, -9986.0, -8109.0, -10114.0, -9400.0, -6712.0, -9674.0, -8147.0, -5911.0, -9038.0, -7846.0, -12283.0, -10721.0, -7066.0, -6353.0, -7880.0, -8533.0, -7045.0, -9803.0, -8796.0, -7066.0, -7066.0, -7066.0, -7513.0, -8063.0, -11069.0, -6942.0, -9758.0, -8302.0, -6392.0, -7066.0, -9005.0, -5897.0, -7259.0, -9230.0, -6816.0, -7066.0, -7066.0, -7479.0, -8405.0, -13426.0, -8683.0, -5523.0, -8356.0, -10152.0, -9192.0, -8650.0, -7988.0, -7479.0, -8376.0, -8750.0, -6417.0, -8577.0, -10619.0, -8734.0, -8501.0, -7255.0, -7864.0, -7066.0, -7066.0, -8725.0, -6392.0, -8109.0, -9694.0, -9205.0, -12671.0, -7066.0, -9987.0, -11367.0, -7885.0, -8901.0, -8526.0, -9633.0, -7664.0, -9384.0, -9959.0, -5847.0, -6566.0],