{"initial_reset_timestamp": 1575168101.5677867, "timestamps": [1575168105.5828412], "episode_lengths": [351], "episode_rewards": [-68178.0], "episode_types": ["t"]}